Company name,Company Domain Name,Description,LinkedIn Company Page
Lenny Studios,lenny-studios.com,"Creative and digital agency specialising in branding, web design, and performance-driven marketing.",https://www.linkedin.com/company/lenny-studios
Nomads Haus,nomadshaus.com,,
Astra Global,astraglobal.org,Multi-family office facilitating investments in off-market technology ventures.,
Onecreativehouse,onecreativehouse.com,,
Nero Digital Design,nerodigitaldesign.com,At-your-service branding and digital marketing company.,https://www.linkedin.com/company/nero-digital-design
Mashreq,mashreq.com,One of the oldest banking institutions in the UAE established in 1967.,https://www.linkedin.com/company/mashreq-uae
Digital Made Agency,digital-made.com,Generate High ROI Through Targeted Low-Cost Google/FB Ads Strategies.,https://www.linkedin.com/company/digital-made-agency
Altoura,altoura.ai,,
The Padel Retreat,thepadelretreat.com,,
SimKit,simkit.co,Medical procedural training for clinicians.,https://www.linkedin.com/company/simkitllc
Miznier,miznier.com,,
Inperson Group,inperson-group.com,,
The Agency Business,theagency.business,Scale Your Agency with Proven Strategy.,https://www.linkedin.com/company/the-agency-business
TAM to Target,tamtotarget.com,GTM Operating Systems for growing B2B companies.,https://www.linkedin.com/company/tam-to-target
Ferrara Diamonds,ferraradiamonds.com,,
Arccypress,arccypress.com,,
Oakcrest Homes,oakcresthomes.uk,Specialists in renovations extensions and creating dream homes.,https://www.linkedin.com/company/oakcrest-homes-ltd
Sumea Social,sumeasocial.com,Full-Service LinkedIn Agency.,https://www.linkedin.com/company/sumea-social
Uluwatu Property,uluwatuproperty.com,Specialised in premium properties and investment advisory in South Bali.,https://www.linkedin.com/company/uluwatu-property
GOGov,gogovapps.com,Government Made Simple for citizens staff and elected officials.,https://www.linkedin.com/company/gogovapps
Huzzle,huzzle.app,,https://www.linkedin.com/company/huzzle-app
Rise Creative Agency,risecreativeagency.com,,
Eventic,eventic.nl,Corporate event agency based in Amsterdam Barcelona Berlin and Dubai.,https://www.linkedin.com/company/eventicnl
ApexLeads.io,apexleads.io,Automated cold outreach infrastructure for B2B companies.,https://www.linkedin.com/company/apex-leads-consulting
Mahedik,mahedik.ee,,
Stojkanovic,stojkanovic.com,,
Felune,felune.com,,
Donmosbeh,donmosbeh.com,,
1111 Bali Retreats,1111baliretreats.com,,
Badboyzcyclez,badboyzcyclez.com,,
TS Investment,tsiuae.com,Investment firm specialising in engineering real estate and food and beverage.,
GOLUREMI,goluremi.com,Soccer Fitness and Supplements brand.,https://www.linkedin.com/company/goluremi
INTERTECTRA,intertectra.com,Construction company providing flooring building materials and concrete repair products.,https://www.linkedin.com/company/intertectra
Zali Restaurant,zalirestaurant.com,,
Outset,outset.ae,Progressive professional services group offering Legal HR and Health & Safety services.,https://www.linkedin.com/company/outsetgroup
Virtuzone,virtuzone.com,Number one company formation experts in Dubai and the UAE since 2009.,https://www.linkedin.com/company/virtuzone
Gohome,gohome.rent,,
Studio Tato,studio-tato.com,,
Studio Meshary AlNassar,mesharyalnassar.com,Interior Design and Architecture.,https://www.linkedin.com/company/studio-meshary-alnassar
Eventic Agency,eventicagency.es,,
BEC Media,bec-media.com,Scaling video studios and production companies with post-production solutions.,https://www.linkedin.com/company/becmediaco
The Kitchen Guy,thekitchenguy.pro,,
Mediworks,mediworks.io,Digital solutions for health professionals.,https://www.linkedin.com/company/mediworks-io
Inksystem,inksystem.me,,
JTS Association,frontier.com,Training organisational and managerial services for emergency service organisations.,
Kumori Group,kumorigroup.com,,
Siaas,siaas.ai,,
GMC Financial Corp,gmfinancial.com,,https://www.linkedin.com/company/gmc-financial-corp
PayAMS,payams.net,,
Bushtec,bushtec.net,,
Alifaiz,alifaiz.com,,
CRDLE,crdle.com,Award-winning Cold Callers and Executive Assistants. Affordable Sales Teams.,https://www.linkedin.com/company/crdleafrica
Rayans Essentials,rayansessentials.com,,
Marketing Nova,marketingnova.be,,
AdTribe,adtribe.com,Performance marketing agency for eCommerce brands. Over $45MM in revenue generated.,https://www.linkedin.com/company/adtribe
Persona Digital Agency,personadigitalagency.com,,
Stellafai,stellafai.com,A space where outcomes matter.,https://www.linkedin.com/company/stellafai
Ravon Growth Agency,ravon.biz,Growth systems for B2C tech that convert or your money back.,https://www.linkedin.com/company/ravon-growth-agency
That1 Agency,that1agency.com,Podcast marketing agency.,https://www.linkedin.com/company/that1-agency
Lunar Partners Inc.,lunarpartners.co,Commercialisation strategies supply chain transformation and software & AI development.,https://www.linkedin.com/company/lunarpartners
Agency Atom,agencyatom.com,Email and SMS growth partner for Shopify brands.,https://www.linkedin.com/company/agency-atom
Peak PPC,peakppc.net,,
TAS Digital Agency,tas-digital.com,Growing Businesses Digitally.,https://www.linkedin.com/company/tas-digital-agency
Get Knowticed,getknowticed.com,Helping companies accelerate revenue and growth through ROI-focused marketing.,https://www.linkedin.com/company/get-knowticed
Blue Collar Marketing,bluecollarmarketing.ca,Pushing the Blue Collar Industry Forward.,https://www.linkedin.com/company/blue-collar-marketing-ca
Cashion Marketing,cashionmarketing.com,,https://www.linkedin.com/company/cashion-marketing
Humans Unplugged,humansunpluggedresearch.com,Qualitative consultancy uncovering unspoken truths for brands.,
Evolution Content,evolutioncontent.co,New York-based creative marketing agency providing customised brand stories to SMBs.,https://www.linkedin.com/company/evolution-content
Spring Media,springmediainc.com,Full-Stack E-commerce Growth Partner partnered with 150+ brands.,https://www.linkedin.com/company/spring-media-marketing
Insight Marketing & Media,insightmarketingmedia.com,Build your brand insightfully.,https://www.linkedin.com/company/insight-marketing-and-media-company
Evil Lab Agency,evillab.agency,AI-driven influencers and clones that create content at scale.,https://www.linkedin.com/company/evil-lab-agency
Leadhook Media,leadhookmedia.com,Marketing messages that convert.,https://www.linkedin.com/company/leadhook-media
BambooBranding,bamboobranding.com,Fractional CMO and brand strategy.,https://www.linkedin.com/company/bamboobranding
On Point Agency,onpointagency.ca,Disrupting norms through creative marketing.,https://www.linkedin.com/company/on-point-marketing-agency
Ou2there,ou2there.com,,
Kordial Media,kordialmedia.com,Helping e-commerce stores generate between 3 and 15 ROAS with Pinterest ads.,https://www.linkedin.com/company/kordial-media
LessLabyrinth,lesslabyrinth.com,Product architecture and system design for SaaS founders and scaling companies.,https://www.linkedin.com/company/lesslabyrinth
Creatica Studios,creati.ca,Design Motion and Sound Studios based in Toronto.,https://www.linkedin.com/company/creaticastudios
Algoseed Labs,algoseedlabs.com,Growth Through Technology.,https://www.linkedin.com/company/algoseed-labs-ltd
New Venture Partners,newventurepartners.in,,
Plateau PPC,plateauppc.com,Data-driven PPC campaigns that turn stagnant accounts into predictable growth engines.,https://www.linkedin.com/company/plateau-ppc
Transform HCM,transformhcm.com,Better HR. Better Organisation. Better Business.,https://www.linkedin.com/company/transform-hcm
ANeMA Architecture & Interior Design,anema.me,Architecture and interior design studio.,https://www.linkedin.com/company/anema-architecture-design
Kaya Plays Piano,kayaplayspiano.com,,
CCFZ,ccfz.ae,,
Winespies,,,
Amish Tradition,,,Ads client — performance marketing via Stripe.
Braun Dental Clinic,,,Dental clinic — ads client via Stripe.
KeepBlue,,,Ads client via Upwork and Stripe.
Tipsy Putt,,,Website client — billed in three installments via Stripe.
Sell My Phone,,,Small ads project via Upwork.
Sword & Trowel,,,Logo rebuild and full brand system prospect.
Sukoon Agricultural Service,,,Bilingual UAE plant and tree Instagram account (Daleel). Social retainer.
Nudge,,,Branding and UI/UX client. Constellation-based identity system.
Greatday,greatday.my,,
Kirner,kirner.me,,
Michael James,,,Repositioning programme — brand strategy and dual-market website build.
Dieture,dieture.com,,
Bectiktoks,bectiktoks.com,,
Ashlee Nelson Curated Events,curatedbyashlee.com,,
